{"stats":{"minecraft:custom":{"minecraft:jump":11,"minecraft:time_since_rest":1976,"minecraft:leave_game":1,"minecraft:crouch_one_cm":156,"minecraft:sprint_one_cm":1613,"minecraft:play_time":8773,"minecraft:deaths":1,"minecraft:time_since_death":1950,"minecraft:walk_one_cm":869,"minecraft:sneak_time":321,"minecraft:total_world_time":8911,"minecraft:fly_one_cm":172987},"minecraft:picked_up":{"minecraft:stick":1,"minecraft:barrier":1},"minecraft:used":{"minecraft:oak_leaves":8}},"DataVersion":3700}